histograms/LLCR/QCD/nominal/sumw	[38.33645125476065,14.332263848697416,10.829475093267794,7.248266847815795,2.0306236410331606,0.3843210945411759]
histograms/LLCR/QCD/nominal/sumw2	[101.00416449594779,6.539401229775181,18.024255325751312,8.34695279695005,0.19873743923969617,0.06348333457619622]
histograms/LLCR/ST/nominal/sumw	[1015.2351268897057,510.1853933136829,276.6240898781894,254.46666419893089,149.2930117291211,20.006444555092028]
histograms/LLCR/ST/nominal/sumw2	[92.06693617907328,43.85595735299908,23.485663805941513,21.958204435061255,11.78713211605549,1.7538856913638903]
histograms/LLCR/TT/nominal/sumw	[16106.971929677198,6443.724518343388,2724.568008496609,1712.388339105495,523.9239380818212,19.358489814884518]
histograms/LLCR/TT/nominal/sumw2	[2030.3820017047885,803.7906525482722,341.9978245399181,207.50967083112204,62.52753460824177,2.1433980356142577]
histograms/LLCR/WtoLNu/nominal/sumw	[1256.7996812404633,669.4610428309999,366.4621755569308,339.34445708157415,205.5958952444467,24.422758339737143]
histograms/LLCR/WtoLNu/nominal/sumw2	[873.6451654400952,411.0501578563911,182.86872850158193,88.99296153340434,23.165392722602,0.634801077993379]
histograms/QCDCR/QCD/nominal/sumw	[10450.567495019826,4237.889839837454,1841.8984709958206,1186.6009782709318,455.65247222433527,27.444945616873365]
histograms/QCDCR/QCD/nominal/sumw2	[17224.694065211967,10013.682034356976,6756.028783672302,555.3209258305662,1183.6051337400813,7.302449905486471]
histograms/QCDCR/ST/nominal/sumw	[234.41503986673027,114.79792963863048,61.773950437405006,59.88271577200427,41.24574379571981,5.896852321583604]
histograms/QCDCR/ST/nominal/sumw2	[27.733588841383266,12.59017871431092,6.281109862800091,7.0357133628572655,4.702748990076503,0.6617290265931477]
histograms/QCDCR/TT/nominal/sumw	[2330.961080479196,1101.8903430711755,549.6664267302099,449.48533867116896,248.1697783805725,21.016603983053276]
histograms/QCDCR/TT/nominal/sumw2	[300.4654669191788,141.57507393285908,69.34220076569716,57.18090169370152,29.589728710525613,2.6956227657514544]
histograms/QCDCR/WtoLNu/nominal/sumw	[152.4079980354726,78.71036572899675,42.62699708284806,36.602173466939504,31.54963992881993,4.25630478096663]
histograms/QCDCR/WtoLNu/nominal/sumw2	[102.84203048731013,44.60744542570734,17.722236641099578,12.788478346038435,3.1002888949501175,0.18917258774079715]
histograms/SR/QCD/nominal/sumw	[883.6107253306973,128.89856243452377,46.991076591691346,52.825556224559016,28.605386921855473,0.8177184851155468]
histograms/SR/QCD/nominal/sumw2	[153433.13486585973,216.7379906441762,98.24157528813818,344.5014193321515,36.43156427040222,0.0979606987473945]
histograms/SR/ST/nominal/sumw	[632.0581525551377,284.1007439563058,143.18102708546758,110.3168956289973,51.08846857762421,4.175424740087998]
histograms/SR/ST/nominal/sumw2	[60.10166822432211,26.516840689381194,13.11300264787495,9.77362396589013,4.265718794419929,0.3132674353693699]
histograms/SR/TT/nominal/sumw	[12316.412012382316,4776.377990155299,1922.1253027680395,1189.0923844464758,337.4252328214964,9.909876315572882]
histograms/SR/TT/nominal/sumw2	[1559.0922438874486,604.2089376936899,247.09116680144308,149.91327343559928,43.27966160862643,1.0432289817260556]
histograms/SR/WtoLNu/nominal/sumw	[1009.5915663606797,522.9536190101765,279.01381996695727,206.0909887523765,118.10015096694576,11.23440703228428]
histograms/SR/WtoLNu/nominal/sumw2	[786.1944633748581,373.66073345135004,162.14322858861198,72.92676740621387,16.100279573415797,0.5023787535675089]
normalization	"/eos/home-t/taiwoo/run3_stop/decaf/autonomous_allhad/workflow/plot2024/norm.json"
recoil_pt_bins	[250.0,300.0,350.0,400.0,500.0,800.0,1500.0]
schema_version	"flat_boosted_recoil_hists_v1"
search_bin_histograms/boosted_an17_selected_recoil60_nb2_nt2plus_w0_SR/QCD/nominal/sumw	[858.4041652589736,109.32120803139826,43.40834776217929,50.996360137056804,27.69954243148112,0.806869032720521,5.1885799645926065,7.345493807391851,0.17066118515809164,0.4510952416719862,0.0,0.010849452395025466,9.018552367823693,8.840897627323743,1.2981891372824572,0.6603298679664694,0.7384951653168543,0.0,0.16789799010344153,0.09631210860305169,0.0,0.0,0.0,0.0,8.428280985648302,2.730511124439873,1.7101283684373854,0.5781509584177287,0.0,0.0,0.042310979405114274,0.0,0.0,0.0,0.0,0.0,0.3171781290911527,0.07402863705267514,0.0,0.0,0.0,0.0,1.8540905400266863,0.4901110983143388,0.376388115117481,0.13962001944602626,0.1673493250574962,0.0,0.0,0.0,0.0,0.0,0.0,0.0,0.1291964540369507,0.0,0.027362023516645947,0.0,0.0,0.0]
search_bin_histograms/boosted_an17_selected_recoil60_nb2_nt2plus_w0_SR/QCD/nominal/sumw2	[153425.78767138274,184.2496980175065,97.57471952506792,344.26750957449065,36.23810697485163,0.09784298813012293,2.064867041841632,15.928407062625936,0.012705527061178612,0.07136344543250538,0.0,0.00011771061727192382,2.007654168456279,14.921169553992112,0.1509211638778625,0.03731497737266802,0.16545149895338326,0.0,0.010653648677578769,0.009276022263566023,0.0,0.0,0.0,0.0,2.709560482933079,1.5454363032812102,0.4598394669485919,0.11489113114416276,0.0,0.0,0.0017902189782200042,0.0,0.0,0.0,0.0,0.0,0.05798342615846448,0.005480239103876706,0.0,0.0,0.0,0.0,0.48530142830759165,0.07852344540302524,0.042640924851693775,0.010340203711485054,0.028005796597199525,0.0,0.0,0.0,0.0,0.0,0.0,0.0,0.00572711892062104,0.0,0.0007486803309254858,0.0,0.0,0.0]
search_bin_histograms/boosted_an17_selected_recoil60_nb2_nt2plus_w0_SR/ST/nominal/sumw	[521.9870701755328,227.69396950188735,108.68830695475799,79.32051643930487,34.30878701229976,2.4441437470838108,82.53006639102979,37.84994847418725,20.175474098668964,13.70133358774185,3.955257086729479,0.2539463136948066,7.659286330128663,6.69380556020236,4.961027504929292,6.241029828795332,4.708004225475418,0.49594429816878777,0.7362366493691631,0.20724916505600227,0.2088857094064815,0.2677915246261075,0.24225873420454758,0.0,14.101894885036842,9.21290439328668,7.82853926698383,8.678526560037463,5.880448096397821,0.7771449096469635,1.3229129178945267,0.3941642495701589,0.2500458621014246,0.36144381113736707,0.21089223282536804,0.0,0.27532457085556195,0.20492662913313048,0.0,0.06304659871668156,0.0,0.0,2.792427368956459,1.5840316027276136,1.0687476886195575,1.5523640584232257,1.7440428689668737,0.1592616825197918,0.35262820975278214,0.0,0.0,0.0784443933949527,0.03877832072496086,0.0,0.10210439324486756,0.25974438025528257,0.0,0.0,0.0,0.044983788973835405]
search_bin_histograms/boosted_an17_selected_recoil60_nb2_nt2plus_w0_SR/ST/nominal/sumw2	[50.932482398438324,21.903928474205298,10.27929211677721,7.146499168092462,2.9829714660548783,0.18817186345720627,6.704222283474726,3.0946146849177425,1.6957059130463865,1.0435820863123337,0.27358303214672347,0.034802460572017184,0.7535272662139614,0.6245095608452911,0.44180866376815797,0.5422579770004055,0.40078486660755264,0.03353788928052512,0.056292199472491714,0.011115530060250133,0.016327976879657133,0.029972542928465386,0.02944064764851015,0.0,1.2336538778246005,0.684407367346672,0.5978063645262228,0.8108564788253283,0.4241548607870361,0.04816440422238631,0.12066802712046701,0.025614363063915818,0.015526528807198242,0.030361643933207342,0.01339234538415783,0.0,0.023873656139192338,0.015235165467081629,0.0,0.0022073824659427964,0.0,0.0,0.22122979111913632,0.1388220783576004,0.06653508407011467,0.1611491543970901,0.13988781763282127,0.006567276566792208,0.027394306958084487,0.0,0.0,0.003991894882842075,0.0015037581582479289,0.0,0.005212672485566436,0.018593465117345557,0.0,0.0,0.0,0.0020235412704425557]
search_bin_histograms/boosted_an17_selected_recoil60_nb2_nt2plus_w0_SR/TT/nominal/sumw	[10375.315493248503,3814.582888529995,1408.7800046997402,789.4000541372691,197.49776701011217,5.2749722334546165,1159.5524586131496,448.417357364777,166.01709102908796,86.37730824864866,21.41635757001394,0.3650514690480571,244.46995007430218,160.11219450283517,119.68416396307705,111.67849179409802,45.637746653417004,1.4161587088386578,3.0204351406432166,1.1519629715967645,1.3105945315758554,0.4736530815174582,0.7266056745857935,0.013664688160094923,437.418380228099,289.369239316078,185.9808586040014,170.4448568246237,59.46147397436602,1.6654545354558419,4.5168787301820945,2.0210209013277645,1.5805473797182756,0.7651963428572655,0.4750852387518453,0.0032209418957190273,4.205358604252197,1.5253821918897608,0.35517659785618727,0.6976734555027162,0.055315542928815194,0.16013583315628035,84.79062775257873,57.4486331222858,37.59500080956818,28.24449844553467,11.896263415436687,1.0078150600003395,0.45566763157883394,0.7090710642781879,0.21383051437837958,0.4517351130158004,0.05406354925301025,-3.053039395563784e-05,2.6085530681323332,1.0339165558305088,0.46874164688241704,0.5570176187928135,0.13099721861805316,0.002912978704509652]
search_bin_histograms/boosted_an17_selected_recoil60_nb2_nt2plus_w0_SR/TT/nominal/sumw2	[1305.9711806047983,477.89627372530003,177.2931606950906,95.97364297044365,24.250199239172524,0.5183416731722833,150.5680230740145,59.48781963600263,21.882848305105966,12.111732547826438,2.8537257552460003,0.023978325317575377,36.41890281101532,22.520859042419705,18.256367951496827,16.679799443268948,6.711179223168341,0.15107658446936895,0.33698555751500836,0.16790333954185585,0.2799985545208342,0.03999508790098444,0.09226194741367505,0.00011550132281142744,53.66491742546202,35.98033270482255,23.84754350728315,20.9700132867842,7.789517639310512,0.21053922536497893,0.5602589293560889,0.15861297134256,0.3774976558472964,0.07126660450697382,0.04242856729646578,2.2470140031756048e-07,0.41825749135870427,0.1373282634778577,0.011396297655215623,0.05356789172918754,0.004742152293069423,0.024473709056093352,10.71174303348749,7.643947495250956,5.063049943407432,3.816270944980358,1.5070442462970557,0.11470232306127236,0.06285943554843504,0.09743817839592156,0.021504354239865114,0.12208953750174129,0.006102879539508102,1.1080974337426203e-07,0.37682876626440087,0.11800489267178745,0.041677164832408506,0.07489392824909573,0.01748761845583302,1.2046882873412692e-06]
search_bin_histograms/boosted_an17_selected_recoil60_nb2_nt2plus_w0_SR/WtoLNu/nominal/sumw	[967.7075869194277,496.95922054766356,262.8741165656696,191.06847771535948,107.95236104797249,10.17811614251036,22.21182752845514,16.707505602101342,9.945257276593235,6.278507623606696,2.1636245549511752,0.1276121554711693,12.165726266871703,4.568797675179708,2.9543995149968114,5.666066983133472,5.859975402684509,0.5326414687863558,0.022495518874376647,0.3845148055947708,0.0820427815154601,0.15141438802580123,0.15055617909454552,0.0,6.008220414516579,4.06417705148474,2.258362311145125,2.7017047038252597,1.754360526924808,0.2893996893897678,0.0,0.0,0.03202747163199416,0.00620027983469708,0.0,0.0,0.0,0.29866386398096734,0.0,0.03820930587342991,0.0030381309082868056,0.0,1.4757097125343386,-0.15918732596353058,0.8676140454050232,0.18040775271765572,0.21623512440994083,0.10663757612662783,0.0,0.0,0.0,0.0,0.0,0.0,0.0,0.12992679013480446,0.0,0.0,0.0,0.0]
search_bin_histograms/boosted_an17_selected_recoil60_nb2_nt2plus_w0_SR/WtoLNu/nominal/sumw2	[758.0807647278828,357.9279549164921,153.21585082736033,69.08922675780123,15.23021164588248,0.4759596771084901,17.032856984999942,10.732104993920858,6.395873942032113,1.7159010512503419,0.25506225305102626,0.0037574317715631488,8.480480236492001,3.0452687125526383,1.4207757001842116,1.3758574830530794,0.4461305182829639,0.013597255990969202,0.016950955615392792,0.1416760231992607,0.006731017998793522,0.005893574572979123,0.014015596375471782,0.0,2.163362565324455,1.5591382294866567,0.7490652186065745,0.6990395015864713,0.1455370451212869,0.006408847270237209,0.0,0.0,0.0010257589391381907,3.844347002855125e-05,0.0,0.0,0.0,0.044611783753622763,0.0,0.0049409652088770436,9.23023941588761e-06,0.0,0.42004790454361973,0.20050590719450875,0.35390612349080647,0.035869629270856525,0.009313284463150598,0.002655541426249188,0.0,0.0,0.0,0.0,0.0,0.0,0.0,0.009472884750300723,0.0,0.0,0.0,0.0]
search_bin_histograms/cat2_LLCR_lowDeltaM/QCD/nominal/sumw	[0.0,0.0,0.0,0.24235685951956043,5.831741162645111,0.0,0.0,0.0,2.3176924041273,0.0,0.25024208129069825,0.06879954202515452,0.6490592993997286,0.2294151414548094,0.050599924572569475,0.1560040943301943,0.8701590546016523,0.0,0.0,1.6891165776488957,0.0,0.0,0.0,0.0,0.0,0.6093604198858743,0.4257299186167913,0.0,0.0,0.060195387488965774,0.0,0.0,0.0,0.0]
search_bin_histograms/cat2_LLCR_lowDeltaM/QCD/nominal/sumw2	[0.0,0.0,0.0,0.05873684735618395,10.78777919467111,0.0,0.0,0.0,1.0361031608602955,0.0,0.047596027291270354,0.004733376982871003,0.07799346616506518,0.02133261595144874,0.0016815585498581437,0.010428580311283919,0.46004981073831747,0.0,0.0,1.4454362706635862,0.0,0.0,0.0,0.0,0.0,0.16840782921542455,0.14361039451904922,0.0,0.0,0.003623484674946737,0.0,0.0,0.0,0.0]
search_bin_histograms/cat2_LLCR_lowDeltaM/ST/nominal/sumw	[116.48864566019404,17.42922606265246,1.1916319507644277,0.04458348769870391,266.95072614289234,32.70227989893159,2.3098774797508055,0.0,6.6779074131153635,1.1470191558406688,0.6757579714613542,0.4967973785805697,18.416649707918115,7.60522416441389,2.202497137132022,1.9523381889227927,165.19275720593487,30.224851835375283,3.2079204413108338,136.1456045173394,26.15831122134658,4.649563007966382,4.113231283749611,1.7844206755883993,0.3396763972930059,18.592210087855705,8.722466984785557,6.396257672048769,17.95993903970667,7.674422241096085,4.834366131790528,0.511870733739247,0.38376863692862706,0.6982367997767045]
search_bin_histograms/cat2_LLCR_lowDeltaM/ST/nominal/sumw2	[14.730809910845332,1.9696890784913568,0.1558601341129226,0.001987687375380483,31.282084226743486,3.810215834249193,0.2170510373373814,0.0,0.8108275966168845,0.23235315003123563,0.10929843360503702,0.05644797398210244,2.4402631071873127,1.0022391522538927,0.27632044545392154,0.16819286808123066,17.780866625754605,3.1768263518032924,0.24111165834775136,14.080393487268045,2.311915946834234,0.4136457492755965,0.29099509045426447,0.12108654043259467,0.029179617152102703,1.6754067204915648,0.6998418339415953,0.45870139983185787,1.7578606400302363,0.6811286043784018,0.32130485039954415,0.05049092277202384,0.03204663176043611,0.06688086873143645]
search_bin_histograms/cat2_LLCR_lowDeltaM/TT/nominal/sumw	[620.4202009030773,82.46379589488805,6.422318723102187,0.395313995574505,1569.274843912689,203.89248291096064,16.1892479338939,0.7774715210213804,28.05507576020308,8.986889617496637,3.1118199994337354,1.633246040650322,86.84818860900546,31.220535686078897,8.386892956865573,3.6136707272658986,1621.7283649268581,175.78437442582842,13.193223089296493,1209.1731605307855,120.21982217642228,8.57937998945782,52.92073774622226,8.774984451965697,1.4382488472299682,94.01402474635007,26.815339822312442,9.56792799505495,69.89592816616232,19.85802763446301,9.872612395434805,3.331958934888226,0.9408933727719045,0.40418414352324483]
search_bin_histograms/cat2_LLCR_lowDeltaM/TT/nominal/sumw2	[75.7743091021758,10.336320952674477,0.9038884239802171,0.04347670173822296,187.26655715545934,25.331672808295767,1.807964177526359,0.1355555859079276,2.92164608241629,0.9956607852582424,0.34650883970414037,0.15280037425493548,9.560578481259741,3.630524654820979,0.836201795289089,0.4797500158414849,178.72775465319674,19.01848257800009,1.4226687837208796,133.43843618958982,13.178614847222288,1.0422167540609306,6.809716318188158,0.998844952122092,0.204740223372887,10.911019290112243,2.9442513199865172,0.913036400786245,7.3472440239377494,1.8666291215489617,1.2492047192250602,0.522209497846636,0.0972157153422467,0.06152506427991984]
search_bin_histograms/cat2_LLCR_lowDeltaM/WtoLNu/nominal/sumw	[2043.800278476964,475.7811096464832,38.21432085051927,2.1530673078898395,1660.2638000401155,371.0587917176503,37.402054185707286,2.3978329228572117,160.58002477648827,79.69132841314195,32.892345476270684,20.903645331815163,143.80892971355738,73.96188336757596,28.74457347167617,21.899779588787666,151.71129152279843,38.79375334883528,5.9089243641575555,77.97538996159756,25.993249091419024,4.863953409781409,0.6775403723505573,0.19693275491309875,0.059487565929313736,17.803458962465225,7.658060873190875,7.046685048540491,8.28905402193829,4.894375639806302,4.12070524043639,0.06273528420959834,0.0758933252362287,0.053853029679032376]
search_bin_histograms/cat2_LLCR_lowDeltaM/WtoLNu/nominal/sumw2	[1325.967148789426,168.6421157665659,8.97727988976443,0.1682814451607421,1103.2546936041506,132.37079885969456,6.787070030455654,0.25418981348938574,29.508699500288017,9.607685288861113,1.2743126297392529,0.6766761694945053,27.018530826117363,8.102516735304304,1.0580181723739246,0.6776210329897483,93.85203620453571,10.315828526574792,1.6405303960703614,39.93208313947731,5.255596602479226,0.5719647209785785,0.09862854860038564,0.028221547295578495,0.00416495993199414,2.5285114460229066,0.612811708119532,0.2127604985064952,1.1696109744184353,0.34262692701566044,0.13263363480935333,0.0006944260304489252,0.003044612282812988,0.0010148684090440444]
search_bin_histograms/cat3_QCDCR_lowDeltaM/QCD/nominal/sumw	[83.74939689763843,0.17791222908619286,0.0,0.0,272.8457477028595,9.13563962637201,0.0,0.0,7.122007623776582,0.22439355700247296,0.0,0.0,7.127075055840259,0.6233952529027267,0.4349694096622105,0.022230558604557544,97.98136726145967,1.577634752894551,0.2705201414318431,137.49840276631707,4.35648701315424,0.0,2.828553887410386,0.0,0.0,4.870376252690036,0.5154343737809103,0.30633909507492113,72.1464927290421,0.3978704053145904,0.10887053163453242,0.0,0.0,0.0]
search_bin_histograms/cat3_QCDCR_lowDeltaM/QCD/nominal/sumw2	[825.8390372292376,0.03165276125841797,0.0,0.0,2484.4391849127646,17.67854622220616,0.0,0.0,6.788007884620439,0.027699652568647898,0.0,0.0,3.3832777453855627,0.12144470832259267,0.051935972426933055,0.0004941977358706675,640.7403507202148,1.0928039747192368,0.0731811469203044,645.227408954587,2.860769830720061,0.0,3.528116995812977,0.0,0.0,2.8821635314922243,0.18230961753204314,0.049232053633347685,4851.854856889029,0.09265823295332296,0.007998354365387237,0.0,0.0,0.0]
search_bin_histograms/cat3_QCDCR_lowDeltaM/ST/nominal/sumw	[5.895859416548609,1.0928244729978371,0.0,0.0,14.051305871444129,1.2798732701596855,0.4371997686037003,0.0,0.0436718444698533,0.19908527406922089,0.09280094897433516,0.18090990639875504,1.3002697742170823,0.791940927392385,0.22582546909293355,0.17311305525089904,8.620879732564855,1.1885980005564112,0.08300173455195045,8.429497650163283,0.7699567670038354,0.23525273377443343,0.608018300220219,0.16216282919169567,0.06765040515120174,1.5119280348633184,0.4556291388032722,0.2232676695525375,1.4780571588238995,1.2633037334978001,0.4149794579673357,0.10012291785341883,0.04870686865715086,0.15258720589016317]
search_bin_histograms/cat3_QCDCR_lowDeltaM/ST/nominal/sumw2	[0.8668884554691043,0.36751764032511525,0.0,0.0,2.118976037697311,0.2088087054513152,0.1267835963496734,0.0,0.0019072299993990567,0.039634946351216796,0.008612016130537158,0.01636970992036763,0.26096989913653523,0.08584068068921794,0.017583342301473074,0.010207266661318985,1.0865675978143916,0.19045464408271903,0.003590760739583609,1.0621203344815062,0.06573171241539354,0.013157746993344885,0.04834563603860262,0.013178507191923875,0.004576577317121743,0.19635757253613179,0.0769230801021408,0.008525628361186702,0.13632750614913935,0.2616926301955401,0.044814753145780935,0.010024598679482454,0.002372359054384945,0.009721845458824006]
search_bin_histograms/cat3_QCDCR_lowDeltaM/TT/nominal/sumw	[27.1629033888958,2.3272588309243423,0.09648760243371522,0.0,76.70597608971322,7.927117472466769,2.9599725305384877e-05,0.16284995951231868,1.6953325969454078,1.061265308262821,0.2190661889890595,0.03206029099055006,6.139727740762713,1.556718320735472,0.539553491487566,0.1212816889006644,92.51426563921812,9.068951183757099,0.46148943423659694,88.70060001122792,7.2033881337469445,0.4045334053629186,4.089602900575045,0.21751255325873933,0.001507007610899916,9.002138186433502,1.9812424912522681,1.7820507095324123,7.8711107377404925,2.3671331247825163,1.7709519612313946,0.6594015934239768,0.13414139141546488,7.32331106108614e-05]
search_bin_histograms/cat3_QCDCR_lowDeltaM/TT/nominal/sumw2	[3.1013217693885107,0.2651367002965862,0.006651303554156154,0.0,9.840144118491082,1.1055924478517334,3.319800719234392e-10,0.013658678668560966,0.16093229422741098,0.12453194146091633,0.010552582846212508,0.0010278622583987452,0.5885363062875273,0.15642462840209695,0.0373076355843628,0.003200969970554482,10.86382422995798,0.9630935439683418,0.03643428749894859,9.905806917922755,0.809315230140351,0.037682858570386765,0.4241247049626261,0.0176153076802047,9.714600961729675e-07,0.886771946663307,0.17785613311465,0.16568315336237066,0.677642095383461,0.21061348825274862,0.21110890970450213,0.04640032765179927,0.007134141276006697,2.6815738405363386e-09]
search_bin_histograms/cat3_QCDCR_lowDeltaM/WtoLNu/nominal/sumw	[120.00312674266873,23.52222876865187,1.1298765511701234,0.12313905996958893,152.55457221716787,33.95446012819861,2.430387931891201,0.10163190562102224,11.042428624885293,6.471898935807404,3.2252407016821385,1.8332983555320497,21.0042100821774,8.678156068251948,3.228736785438843,2.708740806509966,8.362466222554556,2.187202210224288,-0.02370067276446252,7.702392405012349,0.7868905491491879,0.19948055600294368,0.002176202266637126,0.02202308451180445,0.0,0.8151459379384564,0.4135996374740841,0.7669207096008452,1.389822063448492,1.1001189369261768,0.2146929249297502,0.006299226395048797,0.005879021726746323,0.030282788021456435]
search_bin_histograms/cat3_QCDCR_lowDeltaM/WtoLNu/nominal/sumw2	[85.3307105301331,6.778734589711824,0.2556495708487946,0.005171857585001716,107.93294024115102,8.983685491124291,0.42920967916729513,0.0014437340635631334,2.5269188962778424,0.707903109645607,0.1869738497108372,0.05947589091024599,4.780265506830078,0.864232052222164,0.11309921128476563,0.09023993722034296,8.233823226988221,0.7618633961168935,0.03306838691687935,4.14974422930615,0.1474413948195455,0.009455838355009582,4.735856305316564e-06,0.00025383636757278,0.0,0.5023503268247306,0.045369530926033214,0.020861456743319698,0.15464791556935376,0.07765566031071114,0.00995548220027338,0.0009095769291803312,3.456289646355532e-05,0.0008492435471528946]
search_bin_histograms/cat7_SR_lowDeltaM/QCD/nominal/sumw	[38.50377723773231,2.238765552824138,0.0,0.0,82.83798637201646,2.995959147392078,0.0,0.0,0.25063144107187163,0.06299924240753754,0.08688675636933751,0.0,1.8146550968855033,1.540155460496636,8.448013817146123,0.0,25.56060135980451,3.1612390374240222,0.0,92.78163850900616,1.057270125010079,0.0,1.6595840475390382,0.0,0.0,5.009227406691947,0.10332218923109729,0.0,9.892858594344682,0.50806381028372,0.0,0.0,0.0,0.0]
search_bin_histograms/cat7_SR_lowDeltaM/QCD/nominal/sumw2	[129.18331031987705,5.012071200511968,0.0,0.0,802.7281641624782,4.3435585408872335,0.0,0.0,0.03315179156635631,0.003968904543923677,0.007549308432384613,0.0,1.360746247919064,1.260411376054237,69.4853645896131,0.0,197.59167482886332,6.895829861152182,0.0,1206.9901504902105,1.1178201172388282,0.0,0.7466949197342612,0.0,0.0,12.277972590309775,0.010675474787506677,0.0,62.49954412223506,0.2581288353200119,0.0,0.0,0.0,0.0]
search_bin_histograms/cat7_SR_lowDeltaM/ST/nominal/sumw	[72.45815303346134,13.258939259266455,0.5732549336371453,0.0,182.89090099738175,25.258321343708545,2.249201252521435,0.0,3.150894310727702,2.4250288689255024,-0.1456129755750506,0.10671166374751523,12.040983183665341,5.904877675586162,1.0320693781308026,0.5848462614652459,105.96820738746828,17.956146727490676,1.9574153768726215,87.4514103844678,14.88243540045351,2.447658363686088,3.556631140158597,1.2391588618508647,0.20760510686169675,9.598138505229864,5.106692526604547,2.422741830619045,10.929180801797777,3.1061593937262217,2.466937619094753,0.796182443617832,0.21366155705494708,0.36301132253938684]
search_bin_histograms/cat7_SR_lowDeltaM/ST/nominal/sumw2	[9.013146838417134,1.8971844450767799,0.05673583066847045,0.0,23.89019866699134,3.1006730773351228,0.24654354532695863,0.0,0.4060944449196752,0.28426404074736755,0.34131442407730544,0.01391744045872354,1.6346855331197823,0.8573073087161592,0.09166839030803461,0.03829892344989007,11.80556094874137,1.6922446396215292,0.20728184887824078,10.268855205607206,1.5318447609344756,0.2952734425310151,0.2400424593473395,0.11659517471168866,0.011106407021732476,0.9933285218108753,0.707039354929142,0.24761091521312883,1.203902975291833,0.31196697007876595,0.2442679668008848,0.07112800605729964,0.0254009731183941,0.03489129407970649]
search_bin_histograms/cat7_SR_lowDeltaM/TT/nominal/sumw	[395.15475381116323,58.88548600969031,3.7612642743735236,0.3534759788433329,1083.6626130666677,154.44405877073663,13.123940338707886,1.0015669255320025,18.511693178996225,5.331824319566126,2.1131960312414724,0.6373082938354926,48.13432634988769,17.2607017268648,3.8499397695181354,1.6812751092422822,1208.9879705312846,152.23236704163182,12.357377434046368,1071.7930849681052,109.64154212024684,8.429653763603081,53.9113390855612,8.659141605787859,1.0080381508332865,55.03098023848747,17.73756935676865,9.089635425613881,50.152705597813174,17.18555856394758,8.6813612284707,3.439633633771196,0.6528231780241236,0.2658401686987023]
search_bin_histograms/cat7_SR_lowDeltaM/TT/nominal/sumw2	[50.159501657912415,7.593073810038399,0.4465763018079457,0.0380010445904331,135.2324929551704,18.214665200778338,1.5261120035381257,0.11861688332370668,2.368674342063149,0.6329377971868534,0.31719177836590146,0.08674861524695601,5.786504735974972,2.1947435877263617,0.403884848659545,0.29170817242505725,137.6418230798213,21.680069784979743,1.4713142713406908,125.29952750984764,12.593499969142648,0.9896548204538287,6.490229862610855,0.9226727083133154,0.32143708848477626,5.860948256852453,2.0929051104930525,1.033605628134005,4.983072504597323,1.763898489112288,0.9590551510716048,0.3877961562686747,0.058215089154287934,0.014949518683867725]
search_bin_histograms/cat7_SR_lowDeltaM/WtoLNu/nominal/sumw	[1121.1527685073177,236.56637415444777,23.798653905212948,2.154371679359885,1250.4306783763752,293.3548116370816,34.25549340086357,2.446193138691461,65.73117770427005,37.2770894910047,15.908451914894515,9.566135998805233,84.54176241675998,47.79224836993373,18.33421266366107,13.098696155671886,106.87795877251737,29.069684067043504,4.333337790407638,69.79644918028194,17.408184380576365,3.4498857798586897,0.1519347736106086,0.13883649035389206,0.07177578862847503,9.743192337099753,5.426902175113229,3.4815337241017357,6.273878166674795,2.90389594767064,2.1322918599085643,-0.08816802957241036,-0.22423576009486879,0.07927424010225188]
search_bin_histograms/cat7_SR_lowDeltaM/WtoLNu/nominal/sumw2	[796.6329728002754,94.16249976414593,5.051275965244003,0.303722868827105,954.5810872632815,134.4501183485686,6.820228389640997,0.22616511291643154,15.139070741784256,5.314720020992361,0.5951784748629056,0.28224354281041464,20.013111951425202,6.5274052042070245,0.7060189904466458,0.40036696498573454,74.54106805143432,9.969212895113841,1.0385433182104575,36.475359607114584,7.179203341566437,0.4131034016083609,0.02701180786472572,0.02447135297244389,0.010611589073608863,1.63845373025974,0.5531286136094582,0.14878143346787645,1.0708272002383508,0.42193154894946355,0.08264519599467432,0.02219400570150855,0.045373442888598875,0.0014343126809604543]
search_bin_schemes/boosted_an17_selected_recoil60_nb2_nt2plus_w0_SR/bin_labels	["NT0_Nb1plus_T0_W0_recoil_250-300","NT0_Nb1plus_T0_W0_recoil_300-350","NT0_Nb1plus_T0_W0_recoil_350-400","NT0_Nb1plus_T0_W0_recoil_400-500","NT0_Nb1plus_T0_W0_recoil_500-800","NT0_Nb1plus_T0_W0_recoil_800-1500","NT0_Nb1plus_T0_W1plus_recoil_250-300","NT0_Nb1plus_T0_W1plus_recoil_300-350","NT0_Nb1plus_T0_W1plus_recoil_350-400","NT0_Nb1plus_T0_W1plus_recoil_400-500","NT0_Nb1plus_T0_W1plus_recoil_500-800","NT0_Nb1plus_T0_W1plus_recoil_800-1500","AN17_4_Nb1_T1plus_W0_recoil_250-300","AN17_4_Nb1_T1plus_W0_recoil_300-350","AN17_4_Nb1_T1plus_W0_recoil_350-400","AN17_4_Nb1_T1plus_W0_recoil_400-500","AN17_4_Nb1_T1plus_W0_recoil_500-800","AN17_4_Nb1_T1plus_W0_recoil_800-1500","AN17_5_Nb1_T1plus_W1plus_recoil_250-300","AN17_5_Nb1_T1plus_W1plus_recoil_300-350","AN17_5_Nb1_T1plus_W1plus_recoil_350-400","AN17_5_Nb1_T1plus_W1plus_recoil_400-500","AN17_5_Nb1_T1plus_W1plus_recoil_500-800","AN17_5_Nb1_T1plus_W1plus_recoil_800-1500","AN17_8_Nb2_T1_W0_recoil_250-300","AN17_8_Nb2_T1_W0_recoil_300-350","AN17_8_Nb2_T1_W0_recoil_350-400","AN17_8_Nb2_T1_W0_recoil_400-500","AN17_8_Nb2_T1_W0_recoil_500-800","AN17_8_Nb2_T1_W0_recoil_800-1500","AN17_9_Nb2_T1_W1_recoil_250-300","AN17_9_Nb2_T1_W1_recoil_300-350","AN17_9_Nb2_T1_W1_recoil_350-400","AN17_9_Nb2_T1_W1_recoil_400-500","AN17_9_Nb2_T1_W1_recoil_500-800","AN17_9_Nb2_T1_W1_recoil_800-1500","Nb2_Nt2plus_W0_recoil_250-300","Nb2_Nt2plus_W0_recoil_300-350","Nb2_Nt2plus_W0_recoil_350-400","Nb2_Nt2plus_W0_recoil_400-500","Nb2_Nt2plus_W0_recoil_500-800","Nb2_Nt2plus_W0_recoil_800-1500","AN17_14_Nb3plus_T1_W0_recoil_250-300","AN17_14_Nb3plus_T1_W0_recoil_300-350","AN17_14_Nb3plus_T1_W0_recoil_350-400","AN17_14_Nb3plus_T1_W0_recoil_400-500","AN17_14_Nb3plus_T1_W0_recoil_500-800","AN17_14_Nb3plus_T1_W0_recoil_800-1500","AN17_15_Nb3plus_T1_W1_recoil_250-300","AN17_15_Nb3plus_T1_W1_recoil_300-350","AN17_15_Nb3plus_T1_W1_recoil_350-400","AN17_15_Nb3plus_T1_W1_recoil_400-500","AN17_15_Nb3plus_T1_W1_recoil_500-800","AN17_15_Nb3plus_T1_W1_recoil_800-1500","AN17_16_Nb3plus_T2_W0_recoil_250-300","AN17_16_Nb3plus_T2_W0_recoil_300-350","AN17_16_Nb3plus_T2_W0_recoil_350-400","AN17_16_Nb3plus_T2_W0_recoil_400-500","AN17_16_Nb3plus_T2_W0_recoil_500-800","AN17_16_Nb3plus_T2_W0_recoil_800-1500"]
search_bin_schemes/boosted_an17_selected_recoil60_nb2_nt2plus_w0_SR/recoil_pt_bins	[250.0,300.0,350.0,400.0,500.0,800.0,1500.0]
search_bin_schemes/cat2_LLCR_lowDeltaM/bin_labels	["Nb1_PISR300to500_PTb20to40_recoil_1","Nb1_PISR300to500_PTb20to40_recoil_2","Nb1_PISR300to500_PTb20to40_recoil_3","Nb1_PISR300to500_PTb20to40_recoil_4","Nb1_PISR300to500_PTb40to70_recoil_1","Nb1_PISR300to500_PTb40to70_recoil_2","Nb1_PISR300to500_PTb40to70_recoil_3","Nb1_PISR300to500_PTb40to70_recoil_4","Nb1_PISR500plus_PTb20to40_recoil_1","Nb1_PISR500plus_PTb20to40_recoil_2","Nb1_PISR500plus_PTb20to40_recoil_3","Nb1_PISR500plus_PTb20to40_recoil_4","Nb1_PISR500plus_PTb40to70_recoil_1","Nb1_PISR500plus_PTb40to70_recoil_2","Nb1_PISR500plus_PTb40to70_recoil_3","Nb1_PISR500plus_PTb40to70_recoil_4","Nb2plus_PISR300to500_PTb40to80_Nj2plus_recoil_1","Nb2plus_PISR300to500_PTb40to80_Nj2plus_recoil_2","Nb2plus_PISR300to500_PTb40to80_Nj2plus_recoil_3","Nb2plus_PISR300to500_PTb80to140_Nj2plus_recoil_1","Nb2plus_PISR300to500_PTb80to140_Nj2plus_recoil_2","Nb2plus_PISR300to500_PTb80to140_Nj2plus_recoil_3","Nb2plus_PISR300to500_PTb140plus_Nj7plus_recoil_1","Nb2plus_PISR300to500_PTb140plus_Nj7plus_recoil_2","Nb2plus_PISR300to500_PTb140plus_Nj7plus_recoil_3","Nb2plus_PISR500plus_PTb40to80_Nj2plus_recoil_1","Nb2plus_PISR500plus_PTb40to80_Nj2plus_recoil_2","Nb2plus_PISR500plus_PTb40to80_Nj2plus_recoil_3","Nb2plus_PISR500plus_PTb80to140_Nj2plus_recoil_1","Nb2plus_PISR500plus_PTb80to140_Nj2plus_recoil_2","Nb2plus_PISR500plus_PTb80to140_Nj2plus_recoil_3","Nb2plus_PISR500plus_PTb140plus_Nj7plus_recoil_1","Nb2plus_PISR500plus_PTb140plus_Nj7plus_recoil_2","Nb2plus_PISR500plus_PTb140plus_Nj7plus_recoil_3"]
search_bin_schemes/cat3_QCDCR_lowDeltaM/bin_labels	["Nb1_PISR300to500_PTb20to40_recoil_1","Nb1_PISR300to500_PTb20to40_recoil_2","Nb1_PISR300to500_PTb20to40_recoil_3","Nb1_PISR300to500_PTb20to40_recoil_4","Nb1_PISR300to500_PTb40to70_recoil_1","Nb1_PISR300to500_PTb40to70_recoil_2","Nb1_PISR300to500_PTb40to70_recoil_3","Nb1_PISR300to500_PTb40to70_recoil_4","Nb1_PISR500plus_PTb20to40_recoil_1","Nb1_PISR500plus_PTb20to40_recoil_2","Nb1_PISR500plus_PTb20to40_recoil_3","Nb1_PISR500plus_PTb20to40_recoil_4","Nb1_PISR500plus_PTb40to70_recoil_1","Nb1_PISR500plus_PTb40to70_recoil_2","Nb1_PISR500plus_PTb40to70_recoil_3","Nb1_PISR500plus_PTb40to70_recoil_4","Nb2plus_PISR300to500_PTb40to80_Nj2plus_recoil_1","Nb2plus_PISR300to500_PTb40to80_Nj2plus_recoil_2","Nb2plus_PISR300to500_PTb40to80_Nj2plus_recoil_3","Nb2plus_PISR300to500_PTb80to140_Nj2plus_recoil_1","Nb2plus_PISR300to500_PTb80to140_Nj2plus_recoil_2","Nb2plus_PISR300to500_PTb80to140_Nj2plus_recoil_3","Nb2plus_PISR300to500_PTb140plus_Nj7plus_recoil_1","Nb2plus_PISR300to500_PTb140plus_Nj7plus_recoil_2","Nb2plus_PISR300to500_PTb140plus_Nj7plus_recoil_3","Nb2plus_PISR500plus_PTb40to80_Nj2plus_recoil_1","Nb2plus_PISR500plus_PTb40to80_Nj2plus_recoil_2","Nb2plus_PISR500plus_PTb40to80_Nj2plus_recoil_3","Nb2plus_PISR500plus_PTb80to140_Nj2plus_recoil_1","Nb2plus_PISR500plus_PTb80to140_Nj2plus_recoil_2","Nb2plus_PISR500plus_PTb80to140_Nj2plus_recoil_3","Nb2plus_PISR500plus_PTb140plus_Nj7plus_recoil_1","Nb2plus_PISR500plus_PTb140plus_Nj7plus_recoil_2","Nb2plus_PISR500plus_PTb140plus_Nj7plus_recoil_3"]
search_bin_schemes/cat7_SR_lowDeltaM/bin_labels	["Nb1_PISR300to500_PTb20to40_recoil_1","Nb1_PISR300to500_PTb20to40_recoil_2","Nb1_PISR300to500_PTb20to40_recoil_3","Nb1_PISR300to500_PTb20to40_recoil_4","Nb1_PISR300to500_PTb40to70_recoil_1","Nb1_PISR300to500_PTb40to70_recoil_2","Nb1_PISR300to500_PTb40to70_recoil_3","Nb1_PISR300to500_PTb40to70_recoil_4","Nb1_PISR500plus_PTb20to40_recoil_1","Nb1_PISR500plus_PTb20to40_recoil_2","Nb1_PISR500plus_PTb20to40_recoil_3","Nb1_PISR500plus_PTb20to40_recoil_4","Nb1_PISR500plus_PTb40to70_recoil_1","Nb1_PISR500plus_PTb40to70_recoil_2","Nb1_PISR500plus_PTb40to70_recoil_3","Nb1_PISR500plus_PTb40to70_recoil_4","Nb2plus_PISR300to500_PTb40to80_Nj2plus_recoil_1","Nb2plus_PISR300to500_PTb40to80_Nj2plus_recoil_2","Nb2plus_PISR300to500_PTb40to80_Nj2plus_recoil_3","Nb2plus_PISR300to500_PTb80to140_Nj2plus_recoil_1","Nb2plus_PISR300to500_PTb80to140_Nj2plus_recoil_2","Nb2plus_PISR300to500_PTb80to140_Nj2plus_recoil_3","Nb2plus_PISR300to500_PTb140plus_Nj7plus_recoil_1","Nb2plus_PISR300to500_PTb140plus_Nj7plus_recoil_2","Nb2plus_PISR300to500_PTb140plus_Nj7plus_recoil_3","Nb2plus_PISR500plus_PTb40to80_Nj2plus_recoil_1","Nb2plus_PISR500plus_PTb40to80_Nj2plus_recoil_2","Nb2plus_PISR500plus_PTb40to80_Nj2plus_recoil_3","Nb2plus_PISR500plus_PTb80to140_Nj2plus_recoil_1","Nb2plus_PISR500plus_PTb80to140_Nj2plus_recoil_2","Nb2plus_PISR500plus_PTb80to140_Nj2plus_recoil_3","Nb2plus_PISR500plus_PTb140plus_Nj7plus_recoil_1","Nb2plus_PISR500plus_PTb140plus_Nj7plus_recoil_2","Nb2plus_PISR500plus_PTb140plus_Nj7plus_recoil_3"]
status	"complete_with_warnings"
